Male,Female
james,mary
john,patricia
robert,jennifer
michael,linda
william,elizabeth
david,barbara
richard,susan
joseph,jessica
thomas,sarah
charles,karen
christopher,nancy
daniel,margaret
matthew,lisa
anthony,betty
donald,dorothy
mark,sandra
paul,ashley
steven,kimberly
andrew,donna
kenneth,emily
joshua,michelle
george,carol
kevin,amanda
brian,melissa
edward,deborah
ronald,stephanie
timothy,rebecca
jason,laura
jeffrey,sharon
ryan,cynthia
jacob,kathleen
gary,helen
nicholas,amy
eric,shirley
stephen,angela
jonathan,anna
larry,brenda
justin,pamela
scott,nicole
brandon,ruth
frank,katherine
benjamin,samantha
gregory,christine
samuel,emma
raymond,catherine
patrick,debra
alexander,virginia
jack,rachel
dennis,carolyn
jerry,janet
tyler,maria
aaron,heather
jose,diane
henry,julie
douglas,joyce
adam,victoria
peter,kelly
nathan,christina
zachary,joan
walter,evelyn
kyle,lauren
harold,judith
carl,olivia
jeremy,frances
keith,martha
roger,cheryl
gerald,megan
ethan,andrea
arthur,hannah
terry,jacqueline
christian,ann
sean,jean
lawrence,alice
austin,kathryn
joe,gloria
noah,teresa
jesse,doris
albert,sara
bryan,janice
billy,julia
bruce,marie
willie,madison
jordan,grace
dylan,judy
alan,theresa
ralph,beverly
gabriel,denise
roy,marilyn
juan,amber
wayne,danielle
eugene,abigail
logan,brittany
randy,rose
louis,diana
russell,natalie
vincent,sophia
philip,alexis
bobby,lori
johnny,kayla
bradley,jane